{"cameraMode":{"drawMode":0,"name":"Shaded","section":"Shading Mode"},"sceneLighting":true,"audioPlay":false,"sceneViewState":{"showFog":true,"showMaterialUpdate":false,"showSkybox":true,"showFlares":true,"showImageEffects":true,"showParticleSystems":true},"in2DMode":false,"pivot":{"x":52.03146743774414,"y":44.26939392089844,"z":-33.027400970458987},"rotation":{"x":0.28136393427848818,"y":-0.5757231712341309,"z":0.22026066482067109,"w":0.7354335784912109},"size":12.14649772644043,"orthographic":false}