{"cameraMode":{"drawMode":0,"name":"Shaded","section":"Shading Mode"},"sceneLighting":false,"audioPlay":false,"sceneViewState":{"showFog":true,"showMaterialUpdate":false,"showSkybox":true,"showFlares":true,"showImageEffects":true,"showParticleSystems":true},"in2DMode":false,"pivot":{"x":0.45010000467300417,"y":0.1470000147819519,"z":0.7839999198913574},"rotation":{"x":0.30717742443084719,"y":0.6255038976669312,"z":-0.29364249110221865,"w":0.6543402075767517},"size":3.7060883045196535,"orthographic":false}